{
  "generated_at": "2025-11-27T11:57:51.695809",
  "total_wallets": 1,
  "data_source": "DomeAPI - Last month trades (all markets)",
  "analysis_period": "Last 30 days",
  "api_authenticated": true,
  "wallets": [
    {
      "wallet_address": "0x554ad2bc8a8f372d7e3376918fcb6e284387859a",
      "total_trades": 40,
      "total_wins": 0,
      "total_losses": 40,
      "win_rate_percent": 0.0,
      "total_pnl": 0.0,
      "total_volume": 3024.7,
      "roi_percent": 0.0,
      "markets_traded": 20,
      "markets_with_data": 20,
      "analysis_date": "2025-11-27T11:57:51.695723",
      "analysis_period": "Last 30 days",
      "trade_details": [
        {
          "market_slug": "t20-pak-sri-2025-11-27",
          "side": "BUY",
          "price": 0.59,
          "shares": 52.89,
          "cost": 31.205099999999998,
          "pnl": 0.0,
          "result": "LOSS",
          "timestamp": 1764223379,
          "token_id": "69518074889614318085439205475873856801666282503134348362942368689717207684380",
          "market_status": "open"
        },
        {
          "market_slug": "t20-pak-sri-2025-11-27",
          "side": "BUY",
          "price": 0.5900000053300002,
          "shares": 48.780486,
          "cost": 28.780487,
          "pnl": 0.0,
          "result": "LOSS",
          "timestamp": 1764223175,
          "token_id": "69518074889614318085439205475873856801666282503134348362942368689717207684380",
          "market_status": "open"
        },
        {
          "market_slug": "t20-pak-sri-2025-11-27",
          "side": "BUY",
          "price": 0.5900000553500202,
          "shares": 4.878047,
          "cost": 2.8780479999999997,
          "pnl": 0.0,
          "result": "LOSS",
          "timestamp": 1764223103,
          "token_id": "69518074889614318085439205475873856801666282503134348362942368689717207684380",
          "market_status": "open"
        },
        {
          "market_slug": "t20-pak-sri-2025-11-27",
          "side": "BUY",
          "price": 0.5900000053300002,
          "shares": 48.780486,
          "cost": 28.780487,
          "pnl": 0.0,
          "result": "LOSS",
          "timestamp": 1764222519,
          "token_id": "69518074889614318085439205475873856801666282503134348362942368689717207684380",
          "market_status": "open"
        },
        {
          "market_slug": "t20-pak-sri-2025-11-27",
          "side": "BUY",
          "price": 0.59,
          "shares": 1.61,
          "cost": 0.9499,
          "pnl": 0.0,
          "result": "LOSS",
          "timestamp": 1764222149,
          "token_id": "69518074889614318085439205475873856801666282503134348362942368689717207684380",
          "market_status": "open"
        },
        {
          "market_slug": "t20-pak-sri-2025-11-27",
          "side": "BUY",
          "price": 0.59,
          "shares": 22.27,
          "cost": 13.139299999999999,
          "pnl": 0.0,
          "result": "LOSS",
          "timestamp": 1764221817,
          "token_id": "69518074889614318085439205475873856801666282503134348362942368689717207684380",
          "market_status": "open"
        },
        {
          "market_slug": "btc-updown-15m-1764178200",
          "side": "SELL",
          "price": 0.95,
          "shares": 111.11,
          "cost": 105.55449999999999,
          "pnl": 0.0,
          "result": "LOSS",
          "timestamp": 1764178711,
          "token_id": "17461713251719260553470156863516004483770825762572101807185439582693512559321",
          "market_status": "open"
        },
        {
          "market_slug": "btc-updown-15m-1764178200",
          "side": "BUY",
          "price": 0.9,
          "shares": 111.11111,
          "cost": 99.999999,
          "pnl": 0.0,
          "result": "LOSS",
          "timestamp": 1764178615,
          "token_id": "17461713251719260553470156863516004483770825762572101807185439582693512559321",
          "market_status": "open"
        },
        {
          "market_slug": "btc-updown-15m-1764175500",
          "side": "BUY",
          "price": 0.95,
          "shares": 31.57894,
          "cost": 29.999992999999996,
          "pnl": 0.0,
          "result": "LOSS",
          "timestamp": 1764176197,
          "token_id": "29951562483791503900216993733898588111704695048388234102401528765013076107891",
          "market_status": "open"
        },
        {
          "market_slug": "t20-pak-sri-2025-11-27",
          "side": "BUY",
          "price": 0.5900000950725106,
          "shares": 3.365852,
          "cost": 1.9858529999999999,
          "pnl": 0.0,
          "result": "LOSS",
          "timestamp": 1764169543,
          "token_id": "69518074889614318085439205475873856801666282503134348362942368689717207684380",
          "market_status": "open"
        },
        {
          "market_slug": "t20-pak-sri-2025-11-27",
          "side": "BUY",
          "price": 0.59,
          "shares": 17.4,
          "cost": 10.265999999999998,
          "pnl": 0.0,
          "result": "LOSS",
          "timestamp": 1764169533,
          "token_id": "69518074889614318085439205475873856801666282503134348362942368689717207684380",
          "market_status": "open"
        },
        {
          "market_slug": "btc-updown-15m-1764151200",
          "side": "BUY",
          "price": 0.99,
          "shares": 100,
          "cost": 99.0,
          "pnl": 0.0,
          "result": "LOSS",
          "timestamp": 1764151963,
          "token_id": "68423111509919386859583076998262466834126977384581153714791973609942846741274",
          "market_status": "open"
        },
        {
          "market_slug": "test-ind-sou-2025-11-22-SOU",
          "side": "SELL",
          "price": 0.999,
          "shares": 270,
          "cost": 269.73,
          "pnl": 0.0,
          "result": "LOSS",
          "timestamp": 1764141897,
          "token_id": "67242180752617609947386938803672868307547934160418479597359326866763742492464",
          "market_status": "open"
        },
        {
          "market_slug": "test-ind-sou-2025-11-22-SOU",
          "side": "BUY",
          "price": 0.78,
          "shares": 270,
          "cost": 210.6,
          "pnl": 0.0,
          "result": "LOSS",
          "timestamp": 1764133221,
          "token_id": "67242180752617609947386938803672868307547934160418479597359326866763742492464",
          "market_status": "open"
        },
        {
          "market_slug": "btc-updown-15m-1764099900",
          "side": "BUY",
          "price": 0.99,
          "shares": 220.17,
          "cost": 217.9683,
          "pnl": 0.0,
          "result": "LOSS",
          "timestamp": 1764100667,
          "token_id": "93165195065262649795812054563962295850166436996124775771268197101789162610312",
          "market_status": "open"
        },
        {
          "market_slug": "btc-updown-15m-1764099000",
          "side": "BUY",
          "price": 0.99,
          "shares": 220.1717,
          "cost": 217.96998299999998,
          "pnl": 0.0,
          "result": "LOSS",
          "timestamp": 1764099787,
          "token_id": "115486826172038599144500999195535728684795815881626855138781798853283576474695",
          "market_status": "open"
        },
        {
          "market_slug": "btc-updown-15m-1764093600",
          "side": "BUY",
          "price": 0.9399999996239999,
          "shares": 53.191483,
          "cost": 49.999993999999994,
          "pnl": 0.0,
          "result": "LOSS",
          "timestamp": 1764094241,
          "token_id": "50344523693976813272695994874812976087670638244095822428876341411599486956495",
          "market_status": "open"
        },
        {
          "market_slug": "btc-updown-15m-1764079200",
          "side": "BUY",
          "price": 0.98,
          "shares": 10,
          "cost": 9.8,
          "pnl": 0.0,
          "result": "LOSS",
          "timestamp": 1764080003,
          "token_id": "107991940326650467234447394267154269020003287089977608393780496672914633363231",
          "market_status": "open"
        },
        {
          "market_slug": "btc-updown-15m-1764079200",
          "side": "BUY",
          "price": 0.98,
          "shares": 30.6122,
          "cost": 29.999956,
          "pnl": 0.0,
          "result": "LOSS",
          "timestamp": 1764079911,
          "token_id": "107991940326650467234447394267154269020003287089977608393780496672914633363231",
          "market_status": "open"
        },
        {
          "market_slug": "btc-updown-15m-1764078300",
          "side": "BUY",
          "price": 0.789999999684,
          "shares": 63.291138,
          "cost": 49.999999,
          "pnl": 0.0,
          "result": "LOSS",
          "timestamp": 1764079153,
          "token_id": "29621762085957628393650717875567131835907707234739387815593968836021028275628",
          "market_status": "open"
        }
      ],
      "data_source": "DomeAPI - Last month trades (all markets)"
    }
  ]
}